Host Name, Host IP,  Username , Account Expiry Date , Password Change Date
DC-HYPER-20, 192.168.101.21,  root, never, 31-05-2023
DC-HYPER-20, 192.168.101.21,  bin, never, 21-06-2018
DC-HYPER-20, 192.168.101.21,  daemon, never, 21-06-2018
DC-HYPER-20, 192.168.101.21,  adm, never, 21-06-2018
DC-HYPER-20, 192.168.101.21,  lp, never, 21-06-2018
DC-HYPER-20, 192.168.101.21,  sync, never, 21-06-2018
DC-HYPER-20, 192.168.101.21,  shutdown, never, 21-06-2018
DC-HYPER-20, 192.168.101.21,  halt, never, 21-06-2018
DC-HYPER-20, 192.168.101.21,  mail, never, 21-06-2018
DC-HYPER-20, 192.168.101.21,  operator, never, 21-06-2018
DC-HYPER-20, 192.168.101.21,  games, never, 21-06-2018
DC-HYPER-20, 192.168.101.21,  ftp, never, 21-06-2018
DC-HYPER-20, 192.168.101.21,  nobody, never, 21-06-2018
DC-HYPER-20, 192.168.101.21,  systemd-network, never, 18-10-2020
DC-HYPER-20, 192.168.101.21,  dbus, never, 18-10-2020
DC-HYPER-20, 192.168.101.21,  polkitd, never, 18-10-2020
DC-HYPER-20, 192.168.101.21,  libstoragemgmt, never, 18-10-2020
DC-HYPER-20, 192.168.101.21,  colord, never, 18-10-2020
DC-HYPER-20, 192.168.101.21,  rpc, never, 18-10-2020
DC-HYPER-20, 192.168.101.21,  saslauth, never, 18-10-2020
DC-HYPER-20, 192.168.101.21,  abrt, never, 18-10-2020
DC-HYPER-20, 192.168.101.21,  setroubleshoot, never, 18-10-2020
DC-HYPER-20, 192.168.101.21,  rtkit, never, 18-10-2020
DC-HYPER-20, 192.168.101.21,  radvd, never, 18-10-2020
DC-HYPER-20, 192.168.101.21,  gluster, never, 18-10-2020
DC-HYPER-20, 192.168.101.21,  chrony, never, 18-10-2020
DC-HYPER-20, 192.168.101.21,  qemu, never, 18-10-2020
DC-HYPER-20, 192.168.101.21,  unbound, never, 18-10-2020
DC-HYPER-20, 192.168.101.21,  tss, never, 18-10-2020
DC-HYPER-20, 192.168.101.21,  usbmuxd, never, 18-10-2020
DC-HYPER-20, 192.168.101.21,  geoclue, never, 18-10-2020
DC-HYPER-20, 192.168.101.21,  pulse, never, 18-10-2020
DC-HYPER-20, 192.168.101.21,  gdm, never, 18-10-2020
DC-HYPER-20, 192.168.101.21,  saned, never, 18-10-2020
DC-HYPER-20, 192.168.101.21,  rpcuser, never, 18-10-2020
DC-HYPER-20, 192.168.101.21,  nfsnobody, never, 18-10-2020
DC-HYPER-20, 192.168.101.21,  gnome-initial-setup, never, 18-10-2020
DC-HYPER-20, 192.168.101.21,  sshd, never, 18-10-2020
DC-HYPER-20, 192.168.101.21,  avahi, never, 18-10-2020
DC-HYPER-20, 192.168.101.21,  postfix, never, 18-10-2020
DC-HYPER-20, 192.168.101.21,  ntp, never, 18-10-2020
DC-HYPER-20, 192.168.101.21,  tcpdump, never, 18-10-2020
DC-HYPER-20, 192.168.101.21,  zabbix, never, 08-12-2020
DC-HYPER-20, 192.168.101.21,  orcast, never, 09-06-2023
